transaction_id,client_id,nav,exposure,limit,kyc_status,timestamp
1000,C041,10.5,59078,102746,expired,2025-06-06 09:00:00
1001,C008,9.86,112768,147990,current,2025-06-23 17:08:00
1002,C002,10.65,101047,138810,current,2025-06-09 01:03:00
1003,C048,11.52,121626,95223,current,2025-06-18 09:44:00
1004,C018,9.77,107660,82597,current,2025-07-01 04:40:00
1005,C016,9.77,182997,145677,current,2025-06-28 15:06:00
1006,C015,11.58,167832,82659,current,2025-06-28 00:36:00
1007,C009,10.77,180406,95037,current,2025-06-10 15:30:00
1008,C048,9.53,175150,126738,expired,2025-06-15 10:11:00
1009,C007,10.54,83320,92109,current,2025-07-01 01:16:00
1010,C044,9.54,114881,102010,current,2025-07-01 15:07:00
1011,C048,9.53,140827,88787,current,2025-06-27 02:25:00
1012,C035,10.24,152215,88472,current,2025-06-16 02:36:00
1013,C006,8.09,184461,103383,current,2025-06-21 21:03:00
1014,C038,8.28,194701,141709,current,2025-06-05 04:51:00
1015,C028,9.44,111550,149785,current,2025-06-19 09:05:00
1016,C003,8.99,74826,114518,expired,2025-06-08 03:35:00
1017,C002,10.31,150734,133909,current,2025-06-25 13:38:00
1018,C006,9.09,148511,98351,current,2025-06-20 19:14:00
1019,C014,8.59,61653,149624,current,2025-06-25 16:24:00
1020,C015,11.47,131941,133330,current,2025-06-15 14:19:00
1021,C033,9.77,83662,95282,current,2025-06-28 18:27:00
1022,C039,10.07,148818,101778,current,2025-06-10 18:39:00
1023,C002,8.58,145081,104264,expired,2025-06-02 19:47:00
1024,C036,9.46,86877,139675,expired,2025-06-04 06:40:00
1025,C013,10.11,161562,85075,expired,2025-06-07 08:42:00
1026,C046,8.85,196385,128454,current,2025-06-03 05:15:00
1027,C042,10.38,122715,108365,current,2025-06-06 17:04:00
1028,C045,9.4,191398,128200,current,2025-06-06 00:26:00
1029,C035,9.71,160091,91002,expired,2025-06-15 22:38:00
1030,C027,9.4,182632,93947,current,2025-06-16 09:02:00
1031,C015,11.85,129148,132142,current,2025-06-08 09:45:00
1032,C029,9.99,133186,136307,current,2025-06-10 22:55:00
1033,C038,8.94,173629,84493,current,2025-06-15 02:43:00
1034,C018,10.82,120316,130085,current,2025-06-08 08:50:00
1035,C001,8.78,78380,114228,current,2025-06-26 20:37:00
1036,C049,10.21,160198,131875,current,2025-06-22 06:27:00
1037,C011,8.04,52356,111655,current,2025-06-04 17:14:00
1038,C045,8.67,120326,123472,current,2025-06-21 04:58:00
1039,C028,10.2,142447,129437,current,2025-06-09 04:04:00
1040,C022,10.74,164994,129416,current,2025-06-02 05:50:00
1041,C018,10.17,70049,139711,current,2025-06-10 19:47:00
1042,C010,9.88,155361,86816,current,2025-06-27 18:58:00
1043,C014,9.7,66082,144307,current,2025-06-10 14:07:00
1044,C049,8.52,50661,126733,current,2025-06-15 22:19:00
1045,C022,9.28,52920,91240,current,2025-06-23 12:17:00
1046,C007,9.54,129561,112762,current,2025-06-17 17:31:00
1047,C006,11.06,58946,88259,current,2025-06-15 02:38:00
1048,C025,10.34,66309,130139,current,2025-06-02 13:47:00
1049,C007,8.24,105230,94849,current,2025-06-11 19:16:00
1050,C023,10.32,161822,134869,expired,2025-06-01 02:14:00
1051,C023,9.61,162340,143095,current,2025-07-01 21:53:00
1052,C039,9.32,109321,103567,current,2025-06-28 18:37:00
1053,C017,10.61,182028,115292,current,2025-07-01 00:48:00
1054,C003,11.03,124131,131631,expired,2025-06-22 08:36:00
1055,C047,10.93,75963,89885,current,2025-06-02 05:30:00
1056,C030,9.16,151757,139659,current,2025-06-17 20:28:00
1057,C035,9.69,149259,134306,current,2025-06-30 08:11:00
1058,C008,10.33,89063,146314,current,2025-06-19 13:40:00
1059,C025,10.98,164225,145087,current,2025-06-27 15:05:00
1060,C006,9.52,166400,109165,current,2025-06-16 11:26:00
1061,C036,9.81,130818,138929,expired,2025-06-11 10:42:00
1062,C019,8.89,54703,147028,current,2025-06-04 05:21:00
1063,C041,8.8,122099,129812,current,2025-06-14 22:31:00
1064,C040,10.81,81585,130500,current,2025-06-10 21:25:00
1065,C024,11.36,93585,138643,current,2025-06-27 17:02:00
1066,C037,9.93,76958,124900,current,2025-06-15 02:20:00
1067,C013,11.0,76017,122946,expired,2025-06-09 10:07:00
1068,C046,10.36,174677,87851,current,2025-06-25 12:55:00
1069,C005,9.35,193273,96288,current,2025-06-17 00:42:00
1070,C003,10.36,79426,147580,current,2025-06-28 17:29:00
1071,C043,11.54,67778,87368,current,2025-06-14 01:12:00
1072,C015,9.96,92229,126403,current,2025-06-17 11:39:00
1073,C050,11.56,136652,89168,current,2025-06-25 15:40:00
1074,C019,7.38,178267,129879,current,2025-06-15 01:13:00
1075,C006,10.82,176503,139871,current,2025-06-09 17:08:00
1076,C015,10.09,134878,112174,current,2025-06-30 09:28:00
1077,C007,9.7,107056,86581,expired,2025-06-29 22:31:00
1078,C025,10.09,69975,144046,current,2025-06-04 00:40:00
1079,C018,8.01,192633,129678,current,2025-06-20 07:45:00
1080,C030,9.78,138397,106649,current,2025-06-06 09:35:00
1081,C041,10.36,83142,94567,current,2025-06-01 17:26:00
1082,C024,11.48,76916,141944,current,2025-06-03 07:53:00
1083,C011,9.48,114324,108803,expired,2025-06-30 03:29:00
1084,C024,9.19,175932,98230,current,2025-07-01 03:41:00
1085,C023,9.5,185720,97862,current,2025-06-27 04:31:00
1086,C014,10.92,146059,123355,current,2025-06-30 22:18:00
1087,C043,10.33,148317,111259,current,2025-06-17 22:17:00
1088,C018,9.47,85046,110795,current,2025-06-14 15:30:00
1089,C045,10.51,151459,88770,current,2025-06-08 14:35:00
1090,C044,10.1,95893,91093,current,2025-06-05 12:12:00
1091,C042,10.97,151520,126571,current,2025-06-30 19:32:00
1092,C005,9.3,175818,80193,current,2025-06-24 04:55:00
1093,C039,9.67,111272,97569,current,2025-06-03 08:49:00
1094,C041,9.61,117649,91190,current,2025-06-26 13:21:00
1095,C011,8.54,114674,142824,current,2025-06-30 16:17:00
1096,C035,10.3,194832,122752,expired,2025-06-27 00:18:00
1097,C047,10.26,136475,112327,current,2025-06-24 09:53:00
1098,C016,10.01,111367,122070,current,2025-06-19 18:42:00
1099,C011,9.77,193660,120197,current,2025-06-16 04:28:00
1100,C030,8.58,171750,82261,current,2025-06-18 15:22:00
1101,C025,9.58,168154,106512,current,2025-06-11 17:48:00
1102,C018,9.66,94738,86716,current,2025-06-18 12:29:00
1103,C041,9.2,83397,108933,current,2025-06-30 10:55:00
1104,C045,9.84,132189,84378,expired,2025-06-07 22:15:00
1105,C036,10.4,126367,120583,current,2025-06-19 12:14:00
1106,C015,11.89,170585,109033,current,2025-06-28 13:02:00
1107,C044,10.17,126619,104000,current,2025-06-11 23:30:00
1108,C021,10.26,161453,122604,current,2025-06-23 12:24:00
1109,C050,9.93,69816,148336,current,2025-06-22 20:09:00
1110,C050,8.08,187348,85410,current,2025-06-16 01:08:00
1111,C004,9.97,129530,136044,current,2025-06-17 18:21:00
1112,C015,10.06,158856,143315,current,2025-06-28 03:55:00
1113,C003,12.46,121635,86796,current,2025-06-28 14:06:00
1114,C021,9.81,157803,134245,current,2025-06-17 14:00:00
1115,C026,10.3,85946,123056,current,2025-06-24 04:26:00
1116,C018,9.97,105204,97709,current,2025-06-28 20:09:00
1117,C005,8.83,65563,138557,expired,2025-06-03 15:50:00
1118,C014,11.14,142324,97543,current,2025-06-09 10:39:00
1119,C037,10.75,59847,117418,current,2025-06-23 12:41:00
1120,C046,10.79,76155,96724,expired,2025-06-03 10:54:00
1121,C021,9.09,129671,83828,current,2025-06-22 17:24:00
1122,C014,11.4,166891,97087,current,2025-07-01 10:40:00
1123,C042,8.6,133310,92605,current,2025-06-23 15:55:00
1124,C032,10.59,199381,111337,current,2025-06-18 01:39:00
1125,C026,12.19,181691,85482,current,2025-06-03 07:40:00
1126,C042,9.01,84707,145333,current,2025-06-22 09:14:00
1127,C030,9.43,131537,130952,current,2025-06-24 02:27:00
1128,C010,10.1,141155,85463,current,2025-06-04 20:45:00
1129,C017,9.5,50281,84648,expired,2025-06-28 03:28:00
1130,C009,8.45,182130,113623,current,2025-06-06 22:19:00
1131,C016,10.07,126260,139156,current,2025-06-29 00:02:00
1132,C048,8.94,190272,115634,expired,2025-06-11 01:18:00
1133,C036,10.47,114178,124602,current,2025-06-12 11:27:00
1134,C035,9.08,83997,129334,expired,2025-06-05 07:33:00
1135,C017,11.55,169273,148648,current,2025-06-14 18:43:00
1136,C048,9.22,182311,102054,current,2025-06-26 05:10:00
1137,C038,9.68,176945,102207,current,2025-06-06 02:39:00
1138,C028,10.81,95272,101386,current,2025-06-28 12:39:00
1139,C038,8.77,139393,139518,current,2025-06-22 07:31:00
1140,C026,10.23,111212,132781,expired,2025-06-30 18:09:00
1141,C024,11.31,196470,132780,current,2025-06-08 14:40:00
1142,C015,8.39,170030,141440,current,2025-06-09 14:16:00
1143,C009,10.18,106503,124199,expired,2025-06-22 00:57:00
1144,C033,10.26,187710,141035,current,2025-06-26 14:57:00
1145,C032,10.78,56570,88210,current,2025-06-10 21:34:00
1146,C006,8.76,118785,124363,expired,2025-06-06 02:28:00
1147,C049,8.68,59110,140348,current,2025-07-01 11:37:00
1148,C004,10.52,129141,135284,current,2025-06-10 20:27:00
1149,C008,10.3,62115,148847,expired,2025-06-23 08:29:00
1150,C010,10.25,89062,102432,current,2025-06-28 09:12:00
1151,C041,10.35,72911,144089,current,2025-06-13 15:06:00
1152,C011,9.32,154061,135398,current,2025-06-08 12:36:00
1153,C044,10.23,82556,83321,current,2025-06-12 18:18:00
1154,C028,10.29,178335,117383,expired,2025-06-23 09:01:00
1155,C039,9.29,51969,132893,current,2025-06-27 21:25:00
1156,C005,11.87,93753,115820,current,2025-06-09 00:36:00
1157,C025,10.47,185542,146262,current,2025-06-28 21:49:00
1158,C025,8.81,171863,83760,current,2025-06-24 01:58:00
1159,C039,10.66,60225,102190,current,2025-06-20 23:31:00
1160,C030,9.03,173008,147411,current,2025-06-27 09:49:00
1161,C034,10.79,155823,103377,current,2025-06-26 07:38:00
1162,C017,11.16,63669,126737,current,2025-06-26 11:14:00
1163,C036,9.18,174398,149569,current,2025-06-21 06:39:00
1164,C001,10.96,160677,118211,current,2025-06-09 21:48:00
1165,C044,10.41,98320,83744,current,2025-06-24 21:43:00
1166,C047,10.82,196649,104995,current,2025-06-27 04:40:00
1167,C008,11.9,175354,96977,current,2025-06-04 20:41:00
1168,C044,9.75,138009,114542,current,2025-06-02 09:50:00
1169,C035,9.25,78625,90651,current,2025-06-15 01:37:00
1170,C049,9.11,74089,96715,current,2025-06-12 23:08:00
1171,C018,9.18,86487,124409,current,2025-06-03 09:20:00
1172,C050,9.92,160448,104306,current,2025-06-24 13:11:00
1173,C042,10.34,100138,99086,current,2025-06-07 04:50:00
1174,C022,10.28,104061,94376,current,2025-06-18 11:33:00
1175,C008,10.83,151376,141350,expired,2025-06-17 08:53:00
1176,C019,10.01,129134,116636,current,2025-06-06 08:58:00
1177,C028,11.45,97055,131649,current,2025-06-27 15:51:00
1178,C011,9.74,69508,114610,expired,2025-06-10 23:55:00
1179,C030,12.72,160169,90058,current,2025-06-11 03:29:00
1180,C001,10.63,58125,144200,expired,2025-07-01 02:09:00
1181,C047,9.14,86059,126619,current,2025-06-25 07:55:00
1182,C047,8.93,153409,97154,current,2025-06-22 23:43:00
1183,C017,10.48,198159,99539,current,2025-06-13 17:23:00
1184,C033,9.78,55704,140058,current,2025-06-03 12:00:00
1185,C049,10.71,161279,142068,current,2025-06-09 17:07:00
1186,C012,10.47,168516,110373,current,2025-06-15 11:43:00
1187,C033,9.93,164044,113154,current,2025-06-24 21:16:00
1188,C007,9.15,79165,86031,current,2025-06-19 12:52:00
1189,C041,8.49,117203,102785,current,2025-06-21 11:06:00
1190,C020,9.55,54114,108669,current,2025-06-22 07:30:00
1191,C041,10.86,86321,82282,expired,2025-06-01 19:56:00
1192,C033,10.21,123297,114624,current,2025-07-01 17:20:00
1193,C039,8.75,146652,128438,current,2025-06-30 19:14:00
1194,C013,10.17,149304,147534,current,2025-06-21 02:40:00
1195,C010,10.39,67772,111705,current,2025-06-27 14:58:00
1196,C024,9.12,153754,118244,current,2025-06-23 09:41:00
1197,C049,10.15,53712,117437,current,2025-06-14 03:08:00
1198,C011,10.06,182439,130583,current,2025-06-02 01:19:00
1199,C035,8.86,165142,118392,current,2025-06-16 03:06:00
1200,C050,10.36,141736,87461,current,2025-06-08 17:08:00
1201,C034,10.56,101924,90516,current,2025-06-13 14:23:00
1202,C001,11.08,53726,97514,current,2025-06-22 23:44:00
1203,C039,11.05,139152,116268,current,2025-07-01 17:26:00
1204,C021,8.62,77723,116788,current,2025-06-19 23:46:00
1205,C032,9.06,176969,141049,current,2025-06-05 13:41:00
1206,C002,10.52,150494,142493,current,2025-06-04 15:39:00
1207,C008,10.51,190180,116027,current,2025-06-14 08:02:00
1208,C024,10.52,85643,122849,current,2025-06-23 11:13:00
1209,C020,13.85,153896,97858,current,2025-06-15 14:15:00
1210,C016,10.57,189999,132395,current,2025-06-28 11:06:00
1211,C004,11.14,143680,119758,current,2025-06-22 11:34:00
1212,C016,10.95,146546,134312,current,2025-06-29 20:22:00
1213,C037,10.65,129973,148670,current,2025-06-02 12:17:00
1214,C006,9.68,113449,95434,current,2025-06-07 03:54:00
1215,C006,10.76,159834,144047,current,2025-06-27 14:05:00
1216,C047,9.23,75537,127775,current,2025-06-22 06:41:00
1217,C032,9.76,127576,146677,current,2025-06-21 19:01:00
1218,C005,9.51,157522,125734,current,2025-06-02 10:15:00
1219,C049,10.08,72612,120603,expired,2025-06-05 18:13:00
1220,C035,12.31,56471,148803,current,2025-06-03 17:13:00
1221,C050,8.13,81348,119332,current,2025-06-19 06:52:00
1222,C009,10.69,51177,101312,current,2025-06-28 07:21:00
1223,C009,8.39,185832,124179,current,2025-06-25 04:50:00
1224,C043,9.53,82779,120379,current,2025-06-29 19:00:00
1225,C031,11.09,71636,97297,current,2025-06-09 04:08:00
1226,C036,10.06,131889,82011,current,2025-06-18 08:51:00
1227,C011,8.92,103551,124014,current,2025-06-06 03:42:00
1228,C017,9.28,192628,91738,current,2025-06-28 00:08:00
1229,C034,10.68,192635,127498,expired,2025-06-01 11:50:00
1230,C039,9.27,96819,91120,expired,2025-06-26 07:37:00
1231,C028,10.22,123770,88767,current,2025-06-11 00:11:00
1232,C014,10.05,128714,102852,current,2025-06-09 01:08:00
1233,C035,9.35,74596,80929,current,2025-06-24 13:33:00
1234,C049,12.14,114106,97438,current,2025-06-04 23:04:00
1235,C047,10.63,109182,128515,current,2025-06-16 14:49:00
1236,C045,7.97,137163,85744,current,2025-06-12 16:37:00
1237,C013,10.19,89310,122417,current,2025-06-04 14:32:00
1238,C046,9.34,106088,87069,expired,2025-06-08 19:02:00
1239,C020,10.85,178803,122359,current,2025-06-24 21:33:00
1240,C026,9.21,189978,99799,current,2025-06-10 14:41:00
1241,C043,9.89,86914,87597,current,2025-07-01 00:03:00
1242,C042,10.5,160350,127093,current,2025-06-16 12:27:00
1243,C024,10.87,95379,117226,current,2025-06-22 03:31:00
1244,C029,8.8,96413,106417,current,2025-06-23 14:04:00
1245,C034,9.67,187084,98693,current,2025-06-29 02:20:00
1246,C029,9.53,57151,133161,current,2025-06-20 04:04:00
1247,C008,9.35,107716,82169,current,2025-06-05 08:39:00
1248,C016,11.77,143747,102052,current,2025-06-21 18:35:00
1249,C015,10.4,194539,88036,current,2025-06-23 10:24:00
1250,C005,8.74,171999,111778,current,2025-06-20 16:18:00
1251,C022,10.92,164793,107734,current,2025-06-15 16:38:00
1252,C002,12.12,158177,103173,current,2025-06-14 03:50:00
1253,C038,11.03,62289,110403,current,2025-06-23 03:54:00
1254,C036,8.48,136365,146321,current,2025-06-21 20:56:00
1255,C015,9.52,164014,86344,expired,2025-06-25 17:46:00
1256,C038,11.27,122588,98800,current,2025-06-28 06:27:00
1257,C015,9.29,113646,105372,current,2025-06-15 07:26:00
1258,C001,10.44,53654,141516,current,2025-06-11 14:25:00
1259,C005,10.77,68743,100538,current,2025-06-14 23:06:00
1260,C046,9.07,98368,143918,current,2025-06-11 13:20:00
1261,C041,9.94,187513,94973,current,2025-06-22 08:23:00
1262,C004,6.76,169735,139500,current,2025-07-01 04:43:00
1263,C015,8.98,169891,116575,current,2025-06-30 15:04:00
1264,C005,9.75,157971,122261,expired,2025-06-03 02:05:00
1265,C003,8.75,62149,107716,current,2025-06-14 03:47:00
1266,C022,11.63,150102,83236,current,2025-06-24 11:51:00
1267,C005,8.57,109189,95848,expired,2025-06-05 17:03:00
1268,C033,9.56,121031,82352,current,2025-06-19 17:35:00
1269,C016,10.13,92668,81932,current,2025-06-11 21:07:00
1270,C018,11.44,194745,88556,current,2025-06-14 11:55:00
1271,C043,8.56,138204,85498,current,2025-06-22 13:55:00
1272,C032,11.16,190507,130098,current,2025-06-30 23:03:00
1273,C014,10.01,87384,144386,current,2025-07-01 09:38:00
1274,C035,9.02,131929,89569,current,2025-06-10 11:06:00
1275,C009,10.46,177959,136882,current,2025-06-19 16:13:00
1276,C047,10.2,126153,80340,current,2025-06-05 21:30:00
1277,C037,9.4,125388,123949,current,2025-06-08 03:22:00
1278,C037,10.07,81401,142443,current,2025-06-28 17:23:00
1279,C031,9.61,169503,80138,expired,2025-06-04 08:36:00
1280,C016,10.11,177834,80358,current,2025-06-08 13:54:00
1281,C031,10.66,84084,110654,expired,2025-06-18 19:39:00
1282,C027,11.59,160641,105879,expired,2025-06-22 20:35:00
1283,C013,8.76,155111,135778,current,2025-06-01 19:59:00
1284,C007,12.13,188299,117772,current,2025-06-22 22:17:00
1285,C007,8.05,86041,138478,current,2025-06-01 05:17:00
1286,C043,9.85,138920,144353,current,2025-06-23 09:58:00
1287,C028,10.59,115681,106762,current,2025-06-11 11:00:00
1288,C023,10.28,131571,93283,current,2025-06-06 04:36:00
1289,C028,9.38,177556,143922,current,2025-06-22 12:04:00
1290,C027,9.79,76160,119420,expired,2025-06-05 23:40:00
1291,C030,9.51,67633,135568,expired,2025-06-01 02:47:00
1292,C047,9.41,67014,100219,current,2025-06-17 06:24:00
1293,C004,10.85,130532,137169,current,2025-06-14 14:21:00
1294,C044,10.36,99104,126840,current,2025-06-06 11:19:00
1295,C042,9.31,127231,124695,current,2025-06-24 10:49:00
1296,C042,10.9,118388,138342,current,2025-07-01 18:38:00
1297,C007,10.31,66014,98951,current,2025-06-03 01:09:00
1298,C004,10.81,142578,81307,current,2025-06-06 19:03:00
1299,C026,10.63,90390,115428,expired,2025-06-22 02:17:00
1300,C047,9.17,73711,118975,current,2025-06-15 21:27:00
1301,C022,9.44,141658,81140,current,2025-06-16 19:28:00
1302,C007,10.75,107993,104842,current,2025-06-14 08:13:00
1303,C016,10.61,57421,106421,current,2025-06-25 16:07:00
1304,C013,9.98,67727,81708,current,2025-06-12 13:07:00
1305,C013,10.12,162418,83630,expired,2025-06-10 21:43:00
1306,C035,11.28,54358,99595,current,2025-06-19 15:33:00
1307,C029,9.41,115108,108308,current,2025-06-22 09:02:00
1308,C009,10.55,144018,124789,current,2025-06-08 12:38:00
1309,C028,9.8,174457,135690,current,2025-06-02 00:13:00
1310,C012,9.78,81910,106086,current,2025-06-10 06:49:00
1311,C018,11.1,176888,96859,current,2025-06-05 08:18:00
1312,C030,10.83,105754,87684,current,2025-06-11 03:00:00
1313,C016,10.81,159847,81207,current,2025-06-16 23:27:00
1314,C005,11.31,88467,126099,current,2025-06-06 04:24:00
1315,C029,10.02,198697,147496,current,2025-06-18 22:14:00
1316,C036,10.68,83893,146093,expired,2025-06-17 17:53:00
1317,C007,9.69,126329,109689,current,2025-06-22 11:04:00
1318,C004,10.32,81007,128651,current,2025-06-13 23:02:00
1319,C042,9.87,104253,93893,current,2025-06-14 00:29:00
1320,C035,10.1,62323,146418,current,2025-06-30 02:55:00
1321,C001,10.6,161335,140011,current,2025-06-11 18:27:00
1322,C006,9.18,162356,118635,current,2025-06-19 12:45:00
1323,C049,12.09,160944,136115,current,2025-06-21 13:18:00
1324,C016,8.99,195282,138954,expired,2025-06-04 12:01:00
1325,C011,8.79,66456,108064,current,2025-07-01 10:10:00
1326,C027,11.16,81367,82454,expired,2025-06-26 19:29:00
1327,C032,10.79,104624,100878,current,2025-06-27 22:58:00
1328,C031,10.62,191178,131098,expired,2025-06-12 02:27:00
1329,C014,10.63,118008,142154,current,2025-06-28 03:15:00
1330,C026,9.99,175926,92991,current,2025-06-14 18:25:00
1331,C004,9.1,165395,148344,expired,2025-06-17 02:25:00
1332,C011,10.08,166492,116593,current,2025-06-28 09:47:00
1333,C025,9.32,122240,116304,expired,2025-06-11 07:21:00
1334,C001,10.98,114315,110386,current,2025-06-25 05:04:00
1335,C025,9.85,60756,135220,current,2025-06-17 20:07:00
1336,C017,9.17,86378,149338,current,2025-06-17 16:12:00
1337,C030,9.68,185327,101083,expired,2025-06-29 11:22:00
1338,C019,10.41,195556,98354,current,2025-06-24 20:52:00
1339,C028,9.44,175703,102190,current,2025-06-05 07:06:00
1340,C045,9.18,106549,86142,current,2025-06-05 08:12:00
1341,C047,10.24,123794,108398,current,2025-06-06 19:09:00
1342,C036,10.24,95113,131971,current,2025-06-25 20:04:00
1343,C043,9.49,124069,121862,current,2025-06-06 20:31:00
1344,C046,9.53,186321,133410,current,2025-06-15 18:48:00
1345,C032,10.23,175541,99503,current,2025-06-19 14:43:00
1346,C010,8.55,59686,128456,current,2025-06-30 18:41:00
1347,C013,8.59,103363,88016,expired,2025-06-21 19:20:00
1348,C019,9.28,147543,82384,current,2025-06-28 20:20:00
1349,C014,9.79,181733,142320,current,2025-06-05 14:04:00
1350,C004,10.31,145673,95072,current,2025-06-16 14:40:00
1351,C038,11.48,92828,120510,current,2025-06-10 08:37:00
1352,C048,10.86,98604,128933,current,2025-06-02 11:32:00
1353,C035,9.84,60526,101826,current,2025-06-03 09:29:00
1354,C004,9.98,118910,148026,current,2025-06-15 01:03:00
1355,C048,9.0,75592,105518,expired,2025-06-12 09:04:00
1356,C021,9.98,78982,104045,current,2025-06-21 02:39:00
1357,C004,9.71,50207,130876,expired,2025-06-20 16:24:00
1358,C004,10.32,138733,131919,expired,2025-06-15 18:35:00
1359,C038,9.17,174982,107103,current,2025-07-01 23:57:00
1360,C031,10.52,118619,116188,current,2025-06-02 14:58:00
1361,C033,11.53,96479,85845,current,2025-06-26 18:41:00
1362,C034,9.89,191826,116674,current,2025-06-07 10:38:00
1363,C011,10.4,131437,99337,current,2025-06-16 16:09:00
1364,C004,10.69,148540,102313,current,2025-07-01 01:28:00
1365,C033,9.6,122982,106943,current,2025-06-04 10:45:00
1366,C006,10.22,152747,80276,current,2025-06-03 16:41:00
1367,C012,10.01,98231,131151,current,2025-06-06 01:15:00
1368,C005,10.1,79301,97611,current,2025-06-23 14:28:00
1369,C039,9.23,68752,91944,expired,2025-06-17 16:39:00
1370,C005,10.02,148452,132887,current,2025-06-06 11:23:00
1371,C044,10.5,194467,129847,current,2025-06-30 09:24:00
1372,C016,11.45,171237,138653,current,2025-06-14 10:43:00
1373,C026,10.96,106273,136622,current,2025-06-20 01:50:00
1374,C008,12.15,141878,107810,current,2025-06-21 20:21:00
1375,C037,9.23,54895,90503,expired,2025-06-03 10:06:00
1376,C016,10.87,169968,116976,current,2025-06-18 21:24:00
1377,C038,10.18,165700,91590,current,2025-06-10 08:46:00
1378,C039,12.19,126559,90886,current,2025-06-28 21:58:00
1379,C003,9.19,60699,92866,expired,2025-06-20 04:21:00
1380,C040,9.16,59715,146624,current,2025-06-03 18:42:00
1381,C006,9.4,69169,148899,current,2025-06-05 11:19:00
1382,C027,7.88,168413,112792,current,2025-07-01 20:44:00
1383,C043,9.47,197235,89764,current,2025-06-22 12:08:00
1384,C038,9.24,169264,122727,current,2025-06-20 22:05:00
1385,C037,10.15,55782,88068,current,2025-06-10 17:24:00
1386,C034,10.34,174481,87295,expired,2025-06-21 10:52:00
1387,C021,11.88,85585,121160,current,2025-06-05 21:44:00
1388,C017,10.95,80682,91390,current,2025-06-27 23:43:00
1389,C014,9.42,179992,100131,current,2025-06-30 16:05:00
1390,C043,9.1,134416,95038,current,2025-06-21 21:27:00
1391,C046,10.49,177810,132327,current,2025-06-17 11:01:00
1392,C021,8.68,88067,101281,current,2025-06-12 09:11:00
1393,C016,11.83,68073,134189,expired,2025-07-01 06:21:00
1394,C017,11.18,86035,128511,current,2025-07-01 15:12:00
1395,C026,9.53,140373,88605,current,2025-06-08 04:09:00
1396,C009,8.29,133362,81381,current,2025-06-03 09:54:00
1397,C043,11.35,140517,146634,current,2025-06-26 03:32:00
1398,C042,9.89,115450,99810,current,2025-06-25 17:53:00
1399,C020,11.24,60382,104322,current,2025-06-24 16:02:00
1400,C030,8.41,185509,121869,current,2025-06-22 10:56:00
1401,C021,9.4,111929,112955,expired,2025-06-25 19:08:00
1402,C049,10.01,148864,141388,current,2025-06-20 12:09:00
1403,C005,10.05,193401,90207,current,2025-06-06 05:53:00
1404,C001,9.55,75169,147628,current,2025-06-23 19:51:00
1405,C030,10.62,137468,108220,expired,2025-06-29 05:46:00
1406,C040,8.93,84594,102031,current,2025-06-15 01:26:00
1407,C037,9.86,95033,139766,current,2025-06-12 21:46:00
1408,C007,10.12,113133,92449,current,2025-06-08 14:39:00
1409,C005,10.51,123861,136699,current,2025-06-10 23:50:00
1410,C035,10.71,81750,126092,current,2025-06-15 07:34:00
1411,C014,8.88,90461,143671,current,2025-06-08 09:51:00
1412,C033,8.47,128222,90350,current,2025-06-26 15:57:00
1413,C017,11.28,162020,148487,current,2025-06-27 06:23:00
1414,C009,10.33,74226,97622,current,2025-06-22 18:28:00
1415,C023,9.25,56721,133117,current,2025-06-15 09:49:00
1416,C005,11.55,70609,138394,current,2025-06-13 16:33:00
1417,C016,10.12,180513,103782,current,2025-06-14 05:52:00
1418,C024,11.18,154211,108454,expired,2025-06-07 19:08:00
1419,C019,10.07,186728,147904,current,2025-06-28 08:03:00
1420,C011,12.06,174865,95592,expired,2025-06-21 15:55:00
1421,C029,11.76,124520,102173,current,2025-06-12 17:59:00
1422,C035,9.75,114309,113204,current,2025-06-04 22:54:00
1423,C046,10.97,79984,115596,expired,2025-06-17 03:18:00
1424,C020,10.65,168947,114324,current,2025-06-03 05:17:00
1425,C040,11.37,55901,141202,current,2025-06-15 16:09:00
1426,C042,9.04,81055,110750,current,2025-06-27 13:05:00
1427,C034,10.69,195788,96566,current,2025-07-01 07:52:00
1428,C001,11.06,164099,87190,current,2025-06-15 11:59:00
1429,C043,8.24,61138,118333,current,2025-06-01 13:03:00
1430,C036,8.82,73429,81589,current,2025-06-13 16:23:00
1431,C020,7.96,100200,105235,current,2025-06-08 12:05:00
1432,C043,9.73,151268,80159,current,2025-06-12 07:01:00
1433,C007,10.72,67347,92145,current,2025-06-11 03:53:00
1434,C009,11.5,197992,111921,current,2025-06-23 20:21:00
1435,C017,10.07,81822,96237,current,2025-06-26 04:08:00
1436,C008,11.63,90108,88244,expired,2025-06-02 09:58:00
1437,C007,8.62,178955,94743,current,2025-06-27 15:44:00
1438,C048,8.3,57967,126101,expired,2025-06-27 04:48:00
1439,C036,9.94,160719,136378,current,2025-06-23 15:28:00
1440,C010,10.38,61871,136071,current,2025-06-20 00:57:00
1441,C018,9.97,78179,92237,current,2025-06-03 00:16:00
1442,C019,7.93,105099,95649,current,2025-06-07 04:35:00
1443,C039,9.91,85262,117713,current,2025-07-01 23:38:00
1444,C014,8.7,128213,125409,current,2025-06-17 13:07:00
1445,C046,10.67,167407,128766,current,2025-06-25 09:15:00
1446,C022,10.37,199340,126154,expired,2025-06-10 03:03:00
1447,C014,9.06,136269,87016,current,2025-06-08 13:40:00
1448,C044,9.49,110545,128688,current,2025-06-26 19:29:00
1449,C041,8.94,89922,134238,current,2025-06-03 03:53:00
1450,C017,9.94,92913,138608,current,2025-06-29 15:38:00
1451,C033,10.96,147033,111897,current,2025-06-18 00:40:00
1452,C032,9.01,154792,130961,current,2025-06-17 18:15:00
1453,C017,10.5,169863,148703,expired,2025-06-23 04:18:00
1454,C004,9.47,94936,124757,current,2025-06-14 00:39:00
1455,C006,9.21,78141,106917,current,2025-06-12 07:36:00
1456,C041,9.89,190146,102736,current,2025-06-14 05:42:00
1457,C028,8.96,187478,107990,current,2025-06-22 02:33:00
1458,C018,9.45,147359,142551,current,2025-06-12 02:33:00
1459,C003,8.8,173279,138161,current,2025-06-18 16:50:00
1460,C001,11.96,91568,102440,current,2025-06-17 17:01:00
1461,C022,10.04,147539,115205,current,2025-06-13 15:02:00
1462,C050,9.3,96851,135103,current,2025-06-21 12:23:00
1463,C009,10.21,104823,121627,current,2025-06-09 23:01:00
1464,C041,9.89,73312,99008,current,2025-06-12 02:22:00
1465,C017,9.78,148723,112402,current,2025-06-08 23:42:00
1466,C011,10.61,62411,133384,current,2025-06-21 03:49:00
1467,C048,10.76,107009,85793,expired,2025-06-19 23:48:00
1468,C029,9.47,196494,85571,expired,2025-06-11 04:02:00
1469,C036,9.42,82371,96209,current,2025-06-12 17:21:00
1470,C046,9.72,107022,123148,current,2025-06-27 20:11:00
1471,C028,7.7,121229,82224,current,2025-06-27 21:29:00
1472,C036,8.48,149071,128695,current,2025-06-23 15:40:00
1473,C001,11.37,146774,112441,expired,2025-06-06 04:04:00
1474,C008,11.64,76715,119129,current,2025-06-23 14:02:00
1475,C005,9.75,77605,142368,expired,2025-06-10 06:02:00
1476,C045,10.58,149853,124760,expired,2025-06-26 06:56:00
1477,C010,10.31,81174,103478,current,2025-06-02 10:59:00
1478,C035,13.08,191028,92180,current,2025-06-10 16:25:00
1479,C003,11.12,126373,95372,current,2025-06-27 17:30:00
1480,C024,9.87,119252,109796,expired,2025-06-09 01:48:00
1481,C038,9.04,120017,138272,current,2025-06-21 06:18:00
1482,C036,8.39,113037,134040,expired,2025-06-12 01:55:00
1483,C010,10.2,139818,96211,current,2025-06-21 10:17:00
1484,C028,9.24,56548,85842,current,2025-06-04 11:27:00
1485,C009,8.58,166981,143115,expired,2025-06-29 12:47:00
1486,C003,9.35,74022,146852,current,2025-06-15 12:21:00
1487,C020,8.92,156297,125968,current,2025-06-06 15:44:00
1488,C024,11.69,186614,97508,current,2025-06-16 11:59:00
1489,C003,10.88,110428,102005,current,2025-06-26 16:17:00
1490,C023,9.99,109353,134575,current,2025-06-26 02:46:00
1491,C014,11.48,163132,98971,current,2025-06-14 02:27:00
1492,C044,10.08,66052,105599,expired,2025-06-20 05:34:00
1493,C016,9.14,150689,146914,expired,2025-06-10 10:06:00
1494,C043,11.52,181743,147055,current,2025-06-03 10:42:00
1495,C007,10.54,50163,85355,current,2025-06-10 09:28:00
1496,C023,8.96,91424,134120,current,2025-06-20 22:27:00
1497,C050,9.81,191706,118342,current,2025-06-06 22:28:00
1498,C036,9.12,185870,82257,expired,2025-06-12 14:02:00
1499,C027,8.62,72420,107364,current,2025-06-24 11:39:00
1500,C040,10.93,170575,104972,current,2025-06-14 08:40:00
1501,C048,11.91,79300,106654,current,2025-06-26 01:04:00
1502,C010,8.6,139881,109320,current,2025-06-22 20:25:00
1503,C016,10.56,60749,100808,current,2025-06-12 16:51:00
1504,C011,9.35,154131,132389,current,2025-06-24 21:10:00
1505,C012,9.51,178563,114773,current,2025-07-01 00:09:00
1506,C027,9.41,87487,131168,current,2025-06-28 19:43:00
1507,C002,9.14,71223,107747,current,2025-06-26 14:02:00
1508,C012,10.05,122930,137505,current,2025-06-05 02:15:00
1509,C048,9.17,195128,98135,current,2025-06-25 20:23:00
1510,C022,10.27,78380,127377,current,2025-06-12 12:36:00
1511,C027,9.95,76035,103554,current,2025-06-02 19:09:00
1512,C043,9.76,80620,142491,current,2025-06-22 14:23:00
1513,C048,9.09,167360,135621,current,2025-06-12 14:48:00
1514,C016,9.42,103352,138283,current,2025-06-03 18:08:00
1515,C018,10.76,53191,96923,expired,2025-06-17 11:25:00
1516,C011,10.5,140536,127591,expired,2025-06-11 20:17:00
1517,C045,9.02,154576,142261,current,2025-06-08 03:01:00
1518,C007,10.1,53631,134336,expired,2025-06-24 05:31:00
1519,C025,10.75,187244,140948,current,2025-06-17 12:58:00
1520,C003,8.33,92080,113002,current,2025-06-18 03:16:00
1521,C031,10.54,140353,106672,current,2025-06-25 08:45:00
1522,C015,9.34,78671,84213,current,2025-06-15 06:39:00
1523,C013,10.57,172811,90293,current,2025-06-10 22:58:00
1524,C030,9.24,177734,135860,current,2025-06-16 06:07:00
1525,C023,8.2,101399,142507,current,2025-06-05 02:28:00
1526,C020,8.37,57099,137134,current,2025-06-06 22:28:00
1527,C015,10.05,106492,82100,current,2025-06-03 21:54:00
1528,C015,10.26,146722,141997,expired,2025-06-11 21:22:00
1529,C002,9.1,80111,108172,current,2025-06-23 02:35:00
1530,C043,10.64,113936,100132,current,2025-06-18 09:57:00
1531,C013,8.34,110920,98199,current,2025-06-10 05:45:00
1532,C026,9.93,113530,116609,current,2025-06-23 22:40:00
1533,C022,8.79,57788,122965,current,2025-06-06 11:32:00
1534,C018,9.35,78082,88016,current,2025-06-08 03:12:00
1535,C005,10.05,173287,119779,current,2025-06-26 04:15:00
1536,C050,9.14,139570,111881,current,2025-06-26 15:01:00
1537,C018,9.62,151015,104472,current,2025-06-12 17:36:00
1538,C023,11.01,133588,131813,current,2025-06-12 14:51:00
1539,C042,9.42,197603,116021,current,2025-06-18 04:39:00
1540,C033,10.84,138340,134131,current,2025-06-29 02:04:00
1541,C026,8.87,144439,104087,current,2025-06-10 12:45:00
1542,C044,10.53,191214,92828,current,2025-06-24 15:33:00
1543,C035,11.44,165053,141610,expired,2025-06-14 13:52:00
1544,C022,7.53,98355,81401,expired,2025-06-19 02:08:00
1545,C002,9.2,190938,95193,expired,2025-06-11 20:04:00
1546,C008,10.58,175426,124864,current,2025-06-15 14:43:00
1547,C017,9.8,114027,100307,current,2025-06-17 11:08:00
1548,C012,10.37,142601,99611,current,2025-06-29 17:40:00
1549,C038,9.4,79956,123791,current,2025-06-19 05:49:00
1550,C017,10.09,154797,91950,current,2025-07-01 04:27:00
1551,C003,9.84,174917,82745,current,2025-06-17 01:53:00
1552,C007,11.17,176303,135243,expired,2025-06-04 16:09:00
1553,C039,10.25,186511,83866,current,2025-06-10 05:10:00
1554,C028,10.34,92533,112245,expired,2025-06-11 22:14:00
1555,C023,9.59,128815,124724,current,2025-06-12 16:57:00
1556,C047,9.51,89279,131374,current,2025-06-10 02:16:00
1557,C021,9.57,159787,110116,current,2025-06-07 20:35:00
1558,C028,10.39,198702,100447,current,2025-06-09 04:40:00
1559,C039,9.58,111063,110431,current,2025-06-10 19:34:00
1560,C033,10.29,177896,97908,current,2025-06-03 16:41:00
1561,C008,12.08,147661,109336,current,2025-06-06 18:37:00
1562,C025,10.87,188051,120992,current,2025-06-05 05:42:00
1563,C037,9.67,173257,135350,expired,2025-06-20 23:57:00
1564,C013,11.2,136205,149561,current,2025-06-20 10:53:00
1565,C017,9.59,56910,131955,expired,2025-06-30 18:02:00
1566,C003,7.96,96857,141240,current,2025-06-27 00:05:00
1567,C046,8.99,84964,100093,current,2025-06-02 20:49:00
1568,C028,8.13,187050,86155,current,2025-06-19 08:41:00
1569,C001,9.65,67153,126607,current,2025-06-07 18:26:00
1570,C034,10.02,109765,113487,current,2025-06-20 20:01:00
1571,C035,11.68,158212,135668,current,2025-06-16 20:34:00
1572,C044,10.33,89071,100963,current,2025-06-10 20:19:00
1573,C047,9.78,162990,130124,current,2025-06-16 07:51:00
1574,C048,10.83,119519,132870,current,2025-06-26 21:25:00
1575,C048,7.79,59503,136547,current,2025-06-10 14:04:00
1576,C043,10.24,145457,144110,current,2025-06-23 01:10:00
1577,C013,10.77,197977,133554,current,2025-06-15 13:30:00
1578,C024,8.52,95838,100936,current,2025-06-15 06:21:00
1579,C028,11.14,175200,84426,current,2025-06-20 04:20:00
1580,C005,10.34,139489,107606,current,2025-06-28 22:20:00
1581,C043,9.58,76806,127832,current,2025-06-24 11:25:00
1582,C022,10.63,120119,108151,current,2025-06-05 11:32:00
1583,C040,12.27,88714,91308,current,2025-06-18 03:20:00
1584,C021,10.18,105419,142522,current,2025-06-08 14:07:00
1585,C043,10.25,155432,125671,current,2025-06-09 14:15:00
1586,C008,9.54,142949,82204,expired,2025-06-05 03:03:00
1587,C047,9.15,183533,111131,current,2025-06-10 12:55:00
1588,C020,10.83,195363,132428,current,2025-06-20 13:15:00
1589,C033,9.14,126971,113870,current,2025-07-01 05:52:00
1590,C020,10.07,143471,129067,current,2025-06-11 18:46:00
1591,C043,9.52,114946,138585,current,2025-06-11 06:48:00
1592,C027,10.48,148989,101607,current,2025-06-06 15:32:00
1593,C021,10.33,134080,104968,current,2025-06-15 15:56:00
1594,C026,11.04,127794,91908,current,2025-06-10 15:01:00
1595,C045,9.49,80841,106423,current,2025-06-03 12:32:00
1596,C019,9.73,174447,141215,current,2025-06-15 07:13:00
1597,C036,9.02,170029,135835,current,2025-06-19 11:03:00
1598,C009,9.56,126272,129429,current,2025-06-02 09:31:00
1599,C013,10.38,87643,118458,expired,2025-06-20 20:43:00
1600,C027,10.76,93950,126169,current,2025-06-16 09:34:00
1601,C043,9.08,150500,87659,expired,2025-06-01 03:27:00
1602,C025,10.87,175588,140614,expired,2025-06-05 08:46:00
1603,C044,11.36,65997,112793,current,2025-06-12 12:23:00
1604,C048,10.41,129751,126473,current,2025-06-02 12:03:00
1605,C012,11.88,148605,135751,current,2025-06-19 17:12:00
1606,C040,9.23,105533,134254,current,2025-06-12 17:18:00
1607,C037,8.76,132566,87006,current,2025-06-03 12:32:00
1608,C020,8.22,195643,145344,current,2025-06-15 17:17:00
1609,C026,11.5,158255,113840,current,2025-06-27 19:43:00
1610,C036,10.65,108005,112430,current,2025-06-20 03:08:00
1611,C001,9.94,93541,103091,expired,2025-06-04 12:23:00
1612,C020,10.28,73387,112983,current,2025-06-26 10:35:00
1613,C019,8.87,143980,103989,current,2025-07-01 11:48:00
1614,C014,12.45,135457,98990,current,2025-06-05 06:38:00
1615,C028,10.13,194129,116081,expired,2025-06-17 12:32:00
1616,C038,10.11,114028,91033,current,2025-06-02 01:02:00
1617,C039,10.73,169246,96241,current,2025-06-05 22:21:00
1618,C042,10.48,105731,85939,current,2025-06-26 15:33:00
1619,C021,10.22,94638,127562,current,2025-06-15 04:38:00
1620,C030,9.21,70567,115063,current,2025-06-29 16:08:00
1621,C029,10.47,107804,107045,expired,2025-06-11 19:20:00
1622,C029,11.88,158821,124769,current,2025-06-06 12:39:00
1623,C044,11.35,53754,127118,current,2025-06-24 09:37:00
1624,C014,11.59,77044,101625,expired,2025-06-11 16:53:00
1625,C033,9.49,117260,107076,current,2025-06-17 17:31:00
1626,C031,9.01,116912,144805,current,2025-06-23 18:19:00
1627,C048,9.87,58706,124605,expired,2025-06-16 00:23:00
1628,C011,10.06,58894,119121,current,2025-06-11 21:07:00
1629,C043,11.09,199109,145101,current,2025-06-14 18:19:00
1630,C006,8.31,133986,111433,current,2025-06-26 23:55:00
1631,C019,11.53,131942,123309,current,2025-06-23 20:01:00
1632,C033,9.84,79725,147468,current,2025-06-20 15:16:00
1633,C043,9.57,186998,124254,current,2025-07-01 20:50:00
1634,C041,8.99,154555,147293,current,2025-06-25 18:36:00
1635,C040,8.35,59496,117853,expired,2025-06-08 23:03:00
1636,C022,10.82,106447,118405,current,2025-06-19 15:10:00
1637,C006,10.07,151604,146652,expired,2025-06-17 20:46:00
1638,C049,8.71,138199,123527,current,2025-06-20 12:09:00
1639,C016,8.7,91321,80492,current,2025-06-27 21:15:00
1640,C044,9.66,105147,88811,current,2025-06-02 18:44:00
1641,C020,11.67,141396,104272,current,2025-06-04 06:01:00
1642,C015,9.74,88787,127153,current,2025-06-15 10:26:00
1643,C013,8.5,71727,134110,expired,2025-06-05 13:44:00
1644,C010,9.75,145081,93979,current,2025-06-07 13:32:00
1645,C002,9.73,172721,108328,current,2025-06-25 19:58:00
1646,C003,7.3,118056,92867,current,2025-06-16 23:46:00
1647,C016,9.95,184153,139234,current,2025-06-02 22:08:00
1648,C031,9.77,130102,105851,current,2025-06-17 06:35:00
1649,C040,10.7,126865,111279,current,2025-06-11 21:30:00
1650,C050,11.85,117695,95449,current,2025-06-17 12:20:00
1651,C005,11.13,167235,85451,current,2025-07-01 05:29:00
1652,C030,9.73,158777,121316,current,2025-06-30 17:21:00
1653,C027,8.89,69033,143064,current,2025-06-18 11:43:00
1654,C041,12.57,191877,143761,current,2025-06-25 23:43:00
1655,C037,10.06,76832,118870,expired,2025-06-21 22:16:00
1656,C013,10.01,165725,110873,current,2025-06-20 15:12:00
1657,C046,9.98,195016,138627,current,2025-07-01 07:17:00
1658,C045,10.2,69873,146155,current,2025-06-18 09:14:00
1659,C025,9.86,90372,105372,current,2025-07-01 09:49:00
1660,C032,9.43,139464,83642,expired,2025-06-10 22:13:00
1661,C026,9.45,196451,108001,current,2025-06-23 22:31:00
1662,C016,9.97,167322,114064,current,2025-06-11 15:22:00
1663,C010,9.46,150082,94122,current,2025-06-18 23:17:00
1664,C042,9.29,55110,104820,current,2025-06-10 03:36:00
1665,C045,10.11,62087,148431,current,2025-06-22 17:24:00
1666,C001,9.75,132617,135745,current,2025-06-29 12:52:00
1667,C049,11.5,150483,130081,current,2025-06-12 04:18:00
1668,C050,7.35,59596,88711,current,2025-06-02 09:45:00
1669,C007,11.09,157539,98793,current,2025-06-03 11:59:00
1670,C050,11.25,68313,88199,expired,2025-06-15 20:16:00
1671,C028,7.93,163175,116191,current,2025-06-24 15:13:00
1672,C015,9.66,164914,90211,current,2025-06-07 17:17:00
1673,C012,9.63,73705,143069,current,2025-06-30 17:44:00
1674,C045,8.59,123445,136746,expired,2025-06-09 04:06:00
1675,C034,9.22,153892,101542,current,2025-06-20 23:37:00
1676,C030,8.89,52023,111312,expired,2025-06-08 07:03:00
1677,C004,11.75,169654,125242,current,2025-06-22 16:14:00
1678,C036,10.94,130073,135388,current,2025-06-21 07:03:00
1679,C016,11.27,142197,107691,current,2025-06-04 13:21:00
1680,C008,10.72,114429,102601,current,2025-06-23 15:06:00
1681,C030,8.87,154195,98020,current,2025-06-22 04:00:00
1682,C009,9.48,83848,88155,current,2025-07-01 17:59:00
1683,C030,10.49,196451,149119,current,2025-06-06 13:41:00
1684,C043,8.78,77766,116777,current,2025-06-30 15:30:00
1685,C034,10.71,118099,99710,current,2025-06-21 06:48:00
1686,C036,9.76,119122,104532,current,2025-07-01 09:20:00
1687,C039,9.63,197159,98601,current,2025-06-10 20:03:00
1688,C021,10.71,98868,143227,current,2025-06-30 02:41:00
1689,C049,10.44,169119,84967,current,2025-06-19 07:34:00
1690,C029,9.64,145286,100022,current,2025-06-24 23:54:00
1691,C040,11.16,56643,123463,expired,2025-06-30 01:58:00
1692,C047,8.92,86727,85722,current,2025-06-30 05:26:00
1693,C033,10.62,192077,107413,current,2025-06-29 05:59:00
1694,C028,10.59,159079,146732,current,2025-06-30 01:53:00
1695,C036,9.69,115697,92297,expired,2025-06-13 15:11:00
1696,C029,10.33,66029,148323,current,2025-06-30 23:55:00
1697,C011,8.75,195298,103816,current,2025-06-30 09:56:00
1698,C048,10.92,159458,120695,expired,2025-06-02 00:19:00
1699,C031,9.82,160384,99702,current,2025-06-19 19:06:00
1700,C029,9.48,118926,105242,current,2025-06-30 10:18:00
1701,C017,11.05,187069,135841,current,2025-06-15 20:34:00
1702,C049,9.3,105506,147712,current,2025-06-17 15:56:00
1703,C016,8.59,128229,133574,current,2025-07-01 04:54:00
1704,C041,8.44,92092,108482,current,2025-06-17 14:17:00
1705,C018,10.61,112539,89171,current,2025-06-07 03:21:00
1706,C050,8.72,63428,83696,expired,2025-06-06 23:29:00
1707,C050,11.75,191330,100058,current,2025-06-21 08:45:00
1708,C034,7.92,107775,100313,current,2025-06-06 00:47:00
1709,C032,11.7,55469,99149,current,2025-06-11 09:36:00
1710,C041,10.21,78854,133521,current,2025-06-22 06:11:00
1711,C016,9.9,187328,125740,current,2025-06-20 20:57:00
1712,C018,9.46,126256,84956,current,2025-06-13 13:32:00
1713,C029,10.4,149134,146641,current,2025-06-11 02:25:00
1714,C005,9.96,182723,143811,current,2025-06-22 03:11:00
1715,C046,11.1,134730,132160,current,2025-06-05 15:20:00
1716,C019,10.11,77386,131313,current,2025-06-30 07:00:00
1717,C016,10.15,197256,143232,current,2025-06-09 12:15:00
1718,C018,9.64,83787,95417,current,2025-06-15 08:21:00
1719,C022,9.94,71621,104729,current,2025-06-10 18:46:00
1720,C021,10.31,127984,110099,expired,2025-06-19 00:16:00
1721,C035,8.29,84051,109961,current,2025-06-21 11:44:00
1722,C006,8.65,99811,92602,current,2025-06-08 01:42:00
1723,C009,10.74,80447,89256,current,2025-06-04 14:19:00
1724,C010,10.17,178046,114681,current,2025-06-06 12:43:00
1725,C015,9.82,134045,144789,current,2025-06-17 22:49:00
1726,C025,10.02,166859,123361,expired,2025-06-10 22:07:00
1727,C045,10.35,195544,144503,current,2025-06-21 09:23:00
1728,C010,9.46,53471,114540,current,2025-06-20 07:14:00
1729,C046,9.22,170312,106536,current,2025-07-01 04:30:00
1730,C014,10.2,189401,143043,current,2025-06-05 14:47:00
1731,C005,9.02,96850,136575,current,2025-06-20 11:26:00
1732,C027,10.41,104220,82871,current,2025-06-23 17:58:00
1733,C027,8.3,143808,126002,current,2025-06-16 17:51:00
1734,C022,11.03,187469,129812,current,2025-06-22 06:48:00
1735,C035,10.47,103072,102626,current,2025-06-08 21:48:00
1736,C030,10.26,133820,139979,current,2025-06-20 02:33:00
1737,C027,10.98,73284,146668,expired,2025-06-15 16:45:00
1738,C004,11.67,133369,122998,current,2025-06-12 02:58:00
1739,C014,11.01,75122,143814,current,2025-06-19 03:03:00
1740,C027,8.16,180349,125607,current,2025-06-27 17:57:00
1741,C025,8.72,120553,87812,expired,2025-06-17 06:36:00
1742,C050,9.38,144788,141844,expired,2025-06-18 04:10:00
1743,C038,10.03,112812,82179,current,2025-06-11 16:28:00
1744,C045,10.52,57999,123798,current,2025-06-04 21:13:00
1745,C002,9.27,72436,88275,current,2025-06-23 18:31:00
1746,C049,10.19,92963,130574,current,2025-06-03 16:28:00
1747,C037,9.24,183168,127857,current,2025-06-26 01:29:00
1748,C025,9.39,158899,100700,current,2025-06-05 16:26:00
1749,C031,8.59,76201,119464,current,2025-06-15 18:03:00
1750,C001,9.08,196150,122351,current,2025-06-18 14:43:00
1751,C023,8.65,55105,93869,current,2025-06-26 09:46:00
1752,C020,9.02,167666,140315,expired,2025-06-01 12:16:00
1753,C049,11.05,144848,100954,current,2025-06-27 00:47:00
1754,C025,9.05,52839,111555,current,2025-06-07 18:04:00
1755,C027,12.63,118920,143353,current,2025-06-02 13:22:00
1756,C035,10.49,93619,125026,current,2025-06-23 02:34:00
1757,C048,10.18,92821,126976,current,2025-06-02 02:59:00
1758,C048,9.14,175736,125095,current,2025-06-16 01:18:00
1759,C035,10.7,194565,94270,expired,2025-06-14 05:49:00
1760,C039,9.42,67069,110908,current,2025-06-05 20:46:00
1761,C015,10.12,57531,95523,current,2025-06-21 13:23:00
1762,C032,12.56,188808,142433,current,2025-06-29 12:28:00
1763,C015,9.9,188782,127068,current,2025-06-28 12:24:00
1764,C018,11.15,117155,99991,current,2025-06-03 21:42:00
1765,C028,9.3,195047,90775,current,2025-06-28 17:08:00
1766,C032,9.97,112424,141250,current,2025-06-21 11:07:00
1767,C002,11.77,95603,96673,current,2025-06-06 17:25:00
1768,C025,9.37,182503,107056,current,2025-06-17 04:46:00
1769,C022,11.81,142573,86614,current,2025-06-08 00:48:00
1770,C043,10.71,190629,87415,current,2025-06-01 09:29:00
1771,C044,9.44,153302,123884,current,2025-06-22 23:34:00
1772,C026,10.63,181234,96964,current,2025-06-14 17:24:00
1773,C047,10.97,69675,117726,current,2025-06-27 07:15:00
1774,C011,10.62,123997,117044,expired,2025-06-15 11:09:00
1775,C030,8.43,198087,137149,current,2025-06-09 06:59:00
1776,C009,9.27,190905,117544,current,2025-06-29 23:48:00
1777,C040,9.75,57896,129976,expired,2025-06-04 01:51:00
1778,C035,9.93,99733,112252,current,2025-06-22 13:39:00
1779,C002,10.62,91800,83832,current,2025-06-25 00:15:00
1780,C026,10.18,146044,114148,current,2025-06-07 02:06:00
1781,C038,8.66,55347,141240,current,2025-06-20 01:28:00
1782,C037,10.38,183715,133459,current,2025-06-20 21:45:00
1783,C043,10.61,90785,118402,current,2025-06-28 01:15:00
1784,C002,10.56,68681,137727,current,2025-06-24 01:25:00
1785,C006,11.08,153864,118578,current,2025-06-15 07:34:00
1786,C042,10.83,196964,102318,expired,2025-06-07 01:08:00
1787,C028,10.46,97299,100466,current,2025-06-17 09:14:00
1788,C009,9.93,67073,125475,expired,2025-06-27 23:36:00
1789,C030,8.34,152304,140142,current,2025-06-11 18:38:00
1790,C012,10.43,80682,106564,current,2025-06-25 21:52:00
1791,C004,10.21,174302,102412,current,2025-06-11 07:19:00
1792,C017,10.27,195361,131001,current,2025-06-29 04:42:00
1793,C025,8.72,165359,137649,current,2025-06-17 07:26:00
1794,C021,8.92,188999,140957,current,2025-06-10 08:03:00
1795,C014,11.05,116707,115517,current,2025-06-18 18:56:00
1796,C030,9.96,115428,93156,expired,2025-06-24 05:40:00
1797,C021,10.68,100601,103064,current,2025-06-22 13:35:00
1798,C022,10.03,183611,105711,current,2025-06-16 01:22:00
1799,C049,10.03,161487,110106,current,2025-07-01 20:42:00
1800,C025,10.94,199817,145458,current,2025-06-13 16:20:00
1801,C018,9.48,78228,96589,current,2025-06-23 13:26:00
1802,C049,10.1,172788,87214,current,2025-06-05 09:24:00
1803,C027,9.54,147239,107127,current,2025-06-06 17:30:00
1804,C017,9.57,76928,85141,expired,2025-06-08 07:19:00
1805,C006,9.69,68322,108884,current,2025-06-28 22:09:00
1806,C031,10.22,137896,82708,current,2025-06-26 14:58:00
1807,C002,9.52,112292,98375,current,2025-06-02 17:26:00
1808,C048,11.26,79055,95088,current,2025-07-01 13:35:00
1809,C035,9.11,92891,137615,current,2025-06-17 04:24:00
1810,C004,9.81,131912,125046,current,2025-06-08 08:13:00
1811,C023,9.56,187660,90014,expired,2025-06-11 20:05:00
1812,C015,11.45,140536,144425,current,2025-06-30 14:54:00
1813,C042,10.2,56304,83273,current,2025-06-12 02:34:00
1814,C005,11.03,57345,127135,expired,2025-06-24 06:03:00
1815,C050,8.51,141006,110881,current,2025-06-09 12:43:00
1816,C042,10.27,196424,88712,current,2025-06-20 19:02:00
1817,C003,10.89,179350,132874,current,2025-06-28 02:12:00
1818,C049,10.08,69446,149087,current,2025-06-26 18:46:00
1819,C002,11.07,52336,92297,current,2025-06-22 17:13:00
1820,C016,9.48,112032,107128,current,2025-06-16 06:55:00
1821,C013,11.41,147852,148368,current,2025-06-30 10:19:00
1822,C002,12.3,188593,112920,current,2025-07-01 00:13:00
1823,C040,9.64,68474,91156,current,2025-06-30 06:47:00
1824,C010,9.55,105718,91108,current,2025-06-04 23:48:00
1825,C016,11.45,94629,111845,current,2025-06-16 07:44:00
1826,C009,11.58,95232,82800,current,2025-06-20 22:13:00
1827,C031,9.48,136544,122712,current,2025-06-13 07:35:00
1828,C043,9.58,100669,82610,current,2025-06-11 09:24:00
1829,C008,9.72,119184,113872,current,2025-06-15 17:41:00
1830,C037,8.66,63140,90728,expired,2025-06-12 09:16:00
1831,C014,9.08,176468,100583,current,2025-06-12 16:56:00
1832,C030,9.0,133457,87263,current,2025-06-16 14:06:00
1833,C045,9.23,64357,147450,current,2025-06-26 23:30:00
1834,C017,9.97,161672,99456,current,2025-06-25 10:58:00
1835,C050,10.23,118673,145942,current,2025-06-07 11:20:00
1836,C024,11.55,171673,93689,expired,2025-06-14 01:36:00
1837,C011,9.0,115633,112934,current,2025-06-28 07:47:00
1838,C039,10.98,146111,113276,current,2025-06-05 00:16:00
1839,C039,9.79,128258,99873,current,2025-06-18 18:37:00
1840,C048,9.95,193996,93050,expired,2025-06-24 13:18:00
1841,C046,10.67,119286,146216,current,2025-06-05 06:21:00
1842,C008,8.88,143269,101644,expired,2025-06-08 12:36:00
1843,C050,10.38,124071,142021,current,2025-06-27 07:31:00
1844,C011,10.17,80651,117125,current,2025-06-18 20:43:00
1845,C020,10.49,120202,146899,current,2025-06-11 08:48:00
1846,C007,10.29,98777,122291,current,2025-06-27 15:46:00
1847,C038,12.46,198066,115060,current,2025-06-21 23:31:00
1848,C002,9.36,117263,81538,current,2025-06-15 05:46:00
1849,C020,9.47,150158,116176,current,2025-06-26 11:10:00
1850,C037,9.38,60800,121520,current,2025-06-05 23:34:00
1851,C044,9.44,87823,105675,current,2025-06-16 05:58:00
1852,C025,9.36,113878,98287,current,2025-06-29 17:41:00
1853,C026,11.19,68708,80174,current,2025-07-01 01:33:00
1854,C046,11.42,193891,114998,current,2025-06-02 02:52:00
1855,C013,9.43,113870,133312,current,2025-06-22 01:48:00
1856,C005,9.17,59283,92112,current,2025-06-01 13:08:00
1857,C038,10.47,128707,124814,current,2025-06-27 20:14:00
1858,C045,9.45,55774,130719,current,2025-06-03 22:09:00
1859,C041,10.63,192055,113919,current,2025-06-01 06:32:00
1860,C016,10.2,146468,121328,current,2025-06-15 11:03:00
1861,C007,8.48,146334,104618,current,2025-06-20 20:42:00
1862,C045,11.55,68133,114675,current,2025-06-30 19:58:00
1863,C050,11.8,196011,98919,current,2025-06-16 21:31:00
1864,C020,9.39,50781,84173,current,2025-06-01 00:34:00
1865,C044,9.61,164586,106400,current,2025-06-18 13:00:00
1866,C039,10.29,77624,130445,current,2025-06-01 16:46:00
1867,C008,10.33,56823,117564,current,2025-06-09 17:18:00
1868,C037,10.66,68489,125814,current,2025-06-01 16:52:00
1869,C003,12.01,79118,107962,current,2025-06-23 21:27:00
1870,C023,9.82,150417,136184,current,2025-06-26 05:06:00
1871,C035,9.2,131816,90578,current,2025-06-30 03:33:00
1872,C028,8.62,63565,98624,expired,2025-06-05 07:12:00
1873,C043,9.27,141179,119194,current,2025-06-20 16:16:00
1874,C024,9.97,73648,80389,current,2025-06-27 11:17:00
1875,C005,11.79,91971,147391,current,2025-06-26 12:05:00
1876,C033,9.48,68658,93794,current,2025-06-12 12:29:00
1877,C042,10.22,71253,138002,current,2025-06-19 07:44:00
1878,C022,9.98,138664,115531,current,2025-06-08 09:43:00
1879,C001,11.19,153850,132815,current,2025-06-27 02:41:00
1880,C027,12.53,187924,84986,current,2025-06-28 20:48:00
1881,C032,9.47,183623,112298,expired,2025-06-02 02:25:00
1882,C007,9.51,121947,81481,current,2025-06-13 12:35:00
1883,C028,11.04,111001,136408,current,2025-06-16 01:40:00
1884,C024,10.68,172775,149267,current,2025-06-01 22:10:00
1885,C041,11.85,83243,96835,current,2025-06-03 15:54:00
1886,C030,10.58,125939,107798,current,2025-06-14 20:50:00
1887,C046,9.64,107828,144887,current,2025-06-11 18:54:00
1888,C010,10.59,188311,99477,current,2025-06-04 16:58:00
1889,C028,11.11,56710,97266,current,2025-06-02 07:13:00
1890,C012,10.82,87991,123526,current,2025-06-29 22:56:00
1891,C047,10.51,188043,91889,current,2025-06-19 15:17:00
1892,C034,11.07,135445,104335,current,2025-06-02 02:43:00
1893,C042,11.17,130257,91254,expired,2025-06-30 08:57:00
1894,C018,11.38,87711,91442,current,2025-06-18 18:42:00
1895,C040,10.65,56530,126289,current,2025-06-02 05:59:00
1896,C035,9.83,61116,133747,current,2025-06-28 10:01:00
1897,C050,10.15,115794,117327,current,2025-07-01 06:37:00
1898,C031,11.21,181354,96199,current,2025-06-05 22:52:00
1899,C030,9.18,182970,80112,current,2025-06-13 02:19:00
1900,C028,10.37,54135,99581,expired,2025-06-06 18:15:00
1901,C047,9.61,187701,139722,current,2025-06-19 12:43:00
1902,C038,10.03,159472,96523,current,2025-06-29 17:21:00
1903,C018,11.28,175147,146960,current,2025-06-13 23:08:00
1904,C021,10.19,139087,99552,current,2025-06-26 22:46:00
1905,C016,10.05,83380,90808,current,2025-06-03 16:47:00
1906,C006,8.64,179951,103620,current,2025-06-12 01:06:00
1907,C018,10.75,67071,80887,current,2025-06-14 07:53:00
1908,C029,10.65,70074,111802,current,2025-06-03 10:38:00
1909,C016,12.16,117843,106049,current,2025-06-25 19:38:00
1910,C049,9.69,89901,87846,expired,2025-06-13 10:01:00
1911,C030,10.22,61205,126220,current,2025-06-21 08:50:00
1912,C037,10.25,174661,126163,current,2025-06-15 15:14:00
1913,C040,11.58,55906,83765,current,2025-06-12 17:24:00
1914,C043,9.9,183663,125270,current,2025-06-14 05:43:00
1915,C025,10.28,175576,102931,current,2025-06-19 21:24:00
1916,C022,10.61,112987,135633,current,2025-06-03 19:18:00
1917,C002,10.19,130685,131913,current,2025-06-26 07:45:00
1918,C032,9.55,160454,105991,current,2025-06-03 02:17:00
1919,C021,10.19,155487,134845,current,2025-06-05 12:45:00
1920,C012,11.07,104400,135312,expired,2025-06-26 20:09:00
1921,C032,8.97,81852,90561,current,2025-06-24 12:20:00
1922,C014,10.13,102756,96901,current,2025-06-12 03:05:00
1923,C023,9.3,165357,142875,current,2025-06-01 09:28:00
1924,C017,11.2,169052,105917,current,2025-06-12 08:06:00
1925,C022,8.48,106481,142120,current,2025-06-05 02:11:00
1926,C018,9.44,51283,81988,current,2025-06-14 14:35:00
1927,C039,10.38,83691,94256,current,2025-06-18 16:26:00
1928,C045,11.57,182197,108230,current,2025-06-04 00:05:00
1929,C018,9.93,76170,139778,current,2025-06-12 17:05:00
1930,C036,9.44,58438,125833,current,2025-06-20 19:50:00
1931,C001,11.88,70095,102625,current,2025-06-11 12:00:00
1932,C034,8.55,197226,112088,current,2025-06-10 13:24:00
1933,C013,7.8,189076,121167,current,2025-06-25 02:46:00
1934,C006,10.44,59752,145303,current,2025-06-29 17:57:00
1935,C016,9.5,105426,84117,current,2025-06-08 18:33:00
1936,C047,8.98,76819,140710,current,2025-06-06 21:24:00
1937,C027,10.71,142051,147054,current,2025-06-06 04:17:00
1938,C032,10.24,82994,110949,current,2025-06-10 08:31:00
1939,C036,9.44,196108,102547,current,2025-06-05 02:10:00
1940,C049,8.72,147756,148136,current,2025-06-14 08:26:00
1941,C016,10.87,190659,144619,current,2025-06-10 15:50:00
1942,C045,10.65,145665,141842,current,2025-06-03 11:16:00
1943,C031,9.9,181717,106990,current,2025-07-01 07:46:00
1944,C042,11.85,131835,96193,current,2025-06-21 15:38:00
1945,C046,8.93,172232,110109,current,2025-06-20 06:29:00
1946,C032,8.47,199960,99233,current,2025-06-04 04:19:00
1947,C029,9.31,93732,114510,expired,2025-06-01 12:21:00
1948,C002,9.95,96305,81306,current,2025-06-27 19:24:00
1949,C006,10.24,59346,83849,current,2025-06-26 10:28:00
1950,C019,9.76,50587,92360,expired,2025-06-11 13:52:00
1951,C015,10.35,62763,125800,expired,2025-06-27 20:38:00
1952,C026,8.75,119615,116963,current,2025-06-05 09:20:00
1953,C045,11.44,170987,134330,current,2025-06-20 22:12:00
1954,C016,9.92,141353,131707,current,2025-06-16 10:11:00
1955,C020,11.12,145648,98689,current,2025-07-01 12:20:00
1956,C043,10.34,75556,109084,current,2025-06-10 23:44:00
1957,C038,10.46,109042,120387,current,2025-06-21 15:36:00
1958,C024,10.57,68099,82642,current,2025-06-26 07:20:00
1959,C031,10.45,159089,122137,expired,2025-06-13 08:52:00
1960,C036,10.64,194302,135561,current,2025-06-26 12:23:00
1961,C034,11.33,83866,142260,current,2025-06-04 18:12:00
1962,C023,10.2,155400,95438,current,2025-06-19 17:11:00
1963,C028,10.71,134246,128442,current,2025-06-22 17:01:00
1964,C048,9.91,126975,82994,current,2025-07-01 23:29:00
1965,C036,11.44,131557,81813,current,2025-07-01 22:13:00
1966,C022,9.32,187488,135276,current,2025-06-15 09:53:00
1967,C023,11.8,122516,121243,current,2025-06-23 02:52:00
1968,C045,9.96,199130,142912,current,2025-06-28 13:43:00
1969,C030,8.57,82602,140272,expired,2025-06-16 04:40:00
1970,C018,10.13,179295,122051,current,2025-06-10 07:16:00
1971,C020,9.32,137969,145618,current,2025-06-22 04:45:00
1972,C017,10.84,182161,81920,current,2025-06-14 12:04:00
1973,C015,9.35,191559,82093,current,2025-06-15 19:30:00
1974,C008,9.55,50155,92905,current,2025-06-19 12:34:00
1975,C047,8.11,173950,104351,current,2025-06-17 22:26:00
1976,C013,9.55,117494,110981,current,2025-06-18 01:50:00
1977,C021,7.58,126229,99874,current,2025-07-01 11:44:00
1978,C008,8.42,154648,130931,current,2025-06-29 17:38:00
1979,C048,10.76,88547,87674,current,2025-06-21 02:06:00
1980,C035,10.79,78795,130516,current,2025-06-25 07:42:00
1981,C049,10.43,71447,140686,current,2025-06-22 11:10:00
1982,C045,9.03,137960,149212,current,2025-06-21 19:02:00
1983,C012,9.95,113278,82426,current,2025-06-19 20:43:00
1984,C013,10.0,105077,148498,current,2025-06-21 12:48:00
1985,C014,8.84,162782,109943,current,2025-06-11 13:06:00
1986,C048,11.5,152932,146395,current,2025-06-01 03:16:00
1987,C031,10.88,190600,124816,current,2025-06-08 16:47:00
1988,C018,9.78,159869,84138,current,2025-06-17 17:37:00
1989,C047,10.03,189251,84017,current,2025-06-23 18:14:00
1990,C038,10.21,98781,90451,current,2025-06-15 11:25:00
1991,C049,7.96,103798,142956,current,2025-06-15 21:37:00
1992,C034,9.75,148696,90278,current,2025-06-23 16:09:00
1993,C039,9.32,100939,123764,current,2025-06-12 00:30:00
1994,C019,9.0,79516,81134,current,2025-06-04 09:26:00
1995,C007,9.72,191521,142943,expired,2025-06-30 02:07:00
1996,C013,11.8,100290,134318,current,2025-06-27 23:09:00
1997,C019,10.64,176688,140128,expired,2025-06-12 09:21:00
1998,C015,9.43,136661,101869,expired,2025-06-15 06:33:00
1999,C024,10.57,122954,85039,current,2025-06-16 11:30:00
